,Unnamed: 0,주소,매장명,위도,경도,매장,0,1,2,3,지점명,시,구,동
0,0.0,서울특별시 도봉구 노해로 389,창동역점,37.6527753,127.0513676,버거킹,,,,,,,,
1,1.0,서울특별시 영등포구 선유로 130,양평점,37.5254958,126.8913574,버거킹,,,,,,,,
2,2.0,서울특별시 도봉구 도당로 6,쌍문점,37.6587126844,127.0353725363,버거킹,,,,,,,,
3,3.0,서울특별시 서대문구 연세로 25,연세로점,37.557894703,126.93669781,버거킹,,,,,,,,
4,4.0,서울특별시 종로구 종로 94,종로점,37.5699587,126.9881077,버거킹,,,,,,,,
5,5.0,서울특별시 강동구 천호대로 1012,천호역점,37.5380965152,127.1241540582,버거킹,,,,,,,,
6,6.0,서울특별시 도봉구 도봉로 437,쌍문SK점,37.6451077,127.0322052,버거킹,,,,,,,,
7,7.0,서울특별시 강동구 고덕로 168,명일DT점,37.5544793435,127.1440134605,버거킹,,,,,,,,
8,8.0,서울특별시 강북구 도봉로 314 삼성화재 수유사옥 1층,수유역점,37.6361131,127.024184,버거킹,,,,,,,,
9,9.0,서울특별시 강남구 선릉로 429,선릉역점,37.5032033832,127.0493137037,버거킹,,,,,,,,
10,10.0,서울특별시 강남구 남부순환로 2936,대치역점,37.4933476488,127.0619178573,버거킹,,,,,,,,
11,11.0,서울특별시 구로구 디지털로 288,구로디지털점,37.4835687568,126.8955009574,버거킹,,,,,,,,
12,12.0,서울특별시 종로구 삼봉로 57,종로구청점,37.5725602553,126.9804753935,버거킹,,,,,,,,
13,13.0,서울특별시 강동구 양재대로 1440,길동사거리점,37.5343893117,127.1391414175,버거킹,,,,,,,,
14,14.0,서울특별시 중구 순화동 215 1층,서대문역점,37.5631577,126.969644,버거킹,,,,,,,,
15,15.0,서울특별시 송파구 송이로 239,문정점,37.4880581,127.1317394,버거킹,,,,,,,,
16,16.0,서울특별시 영등포구 양평로 58,당산역점,37.5350638119,126.9006699067,버거킹,,,,,,,,
17,17.0,서울특별시 동작구 동작대로 21,사당역점(리모델링-03/14~05/01),37.4784813521,126.9813636536,버거킹,,,,,,,,
18,18.0,서울특별시 송파구 백제고분로51길 30,몽촌토성점,37.5169706639,127.1125360575,버거킹,,,,,,,,
19,19.0,서울특별시 구로구 시흥대로 551,구로점,37.4825399,126.9002463,버거킹,,,,,,,,
20,20.0,서울특별시 양천구 오목로 238,목동역점,37.5258910608,126.8639424158,버거킹,,,,,,,,
21,21.0,서울특별시 중구 퇴계로 216,충무로역점,37.5613353869,126.9958122562,버거킹,,,,,,,,
22,22.0,서울특별시 강남구 봉은사로 179,차병원사거리점,37.5074617005,127.0333964264,버거킹,,,,,,,,
23,23.0,서울특별시 강남구 논현로 172 (도곡동 410-10) 1층,강남도곡점,37.48488,127.0419322,버거킹,,,,,,,,
24,24.0,서울특별시 중구 다산로 142,약수역점,37.5562748764,127.0117520515,버거킹,,,,,,,,
25,25.0,서울특별시 강남구 선릉로 812,청담점,37.5243049057,127.0397254302,버거킹,,,,,,,,
26,26.0,서울특별시 강남구 광평로 280,수서점,37.4873181732,127.1031067143,버거킹,,,,,,,,
27,27.0,서울특별시 성북구 돌곶이로 50,석관점,37.6085901042,127.0596213448,버거킹,,,,,,,,
28,28.0,서울특별시 동대문구 한천로 100,장안SK점,37.5701545458,127.0649833314,버거킹,,,,,,,,
29,29.0,서울특별시 중구 다산로 258,신당역점,37.5657960248,127.0166252022,버거킹,,,,,,,,
30,30.0,서울특별시 관악구 신림로 318,신림역점,37.4825744412,126.9302534836,버거킹,,,,,,,,
31,31.0,서울특별시 은평구 통일로 834,연신내역점,37.6181230909,126.9226558865,버거킹,,,,,,,,
32,32.0,서울특별시 광진구 아차산로 272,건대역점,37.5385572812,127.0729984469,버거킹,,,,,,,,
33,33.0,서울특별시 중구 필동로1길 30,동국대점,37.5581783508,126.9980035491,버거킹,,,,,,,,
34,34.0,서울특별시 서대문구 통일로 464,홍제역점,37.589962619,126.9432196281,버거킹,,,,,,,,
35,35.0,서울특별시 서초구 서초대로 283,교대역점,37.4936767428,127.0126966321,버거킹,,,,,,,,
36,36.0,서울특별시 영등포구 영중로 119,영등포KT점,37.5268467809,126.9051743303,버거킹,,,,,,,,
37,37.0,서울특별시 서대문구 수색로 56,가재울뉴타운점,37.5708141022,126.9127073134,버거킹,,,,,,,,
38,38.0,서울특별시 구로구 가마산로 250,구로구청점,37.4948143046,126.8886777695,버거킹,,,,,,,,
39,39.0,서울특별시 강서구 마곡동로 56,마곡점,37.55997871446434,126.83380170926372,버거킹,,,,,,,,
40,40.0,서울특별시 마포구 마포대로 144,공덕역점,37.5470005411,126.9537580588,버거킹,,,,,,,,
41,41.0,서울특별시 마포구 양화로 100,서교동사거리점,37.5527047388,126.9186856652,버거킹,,,,,,,,
42,42.0,서울특별시 성북구 안암로 73,안암오거리점,37.583038642,127.0291234555,버거킹,,,,,,,,
43,43.0,서울특별시 강북구 도봉로 188,미아역점,37.6256380067,127.0267974439,버거킹,,,,,,,,
44,44.0,서울특별시 양천구 화곡로 64,신월점,37.5390578392,126.8289556158,버거킹,,,,,,,,
45,45.0,서울특별시 성북구 종암로 123,종암점,37.6010141679,127.0331664182,버거킹,,,,,,,,
46,46.0,서울특별시 은평구 통일로 945,박석고개SK점,37.6272857513,126.9193974605,버거킹,,,,,,,,
47,47.0,서울특별시 종로구 동숭길 148,혜화역점,37.58352514754791,127.00215110115803,버거킹,,,,,,,,
48,48.0,서울특별시 중랑구 동일로 890,먹골역점,37.6099163323,127.0781872978,버거킹,,,,,,,,
49,49.0,서울특별시 노원구 동일로 1085,공릉역점,37.6267002023,127.0721058113,버거킹,,,,,,,,
50,50.0,서울특별시 송파구 오금로 519,거여역점,37.4930964198,127.1465189543,버거킹,,,,,,,,
51,51.0,서울특별시 중구 청계천로 400,황학이마트점,37.5708119884,127.0214620759,버거킹,,,,,,,,
52,52.0,서울특별시 관악구 남부순환로 1934,낙성대점,37.4766355936,126.9637366697,버거킹,,,,,,,,
53,53.0,서울특별시 금천구 디지털로9길 46,가산이앤씨7점,37.4800579058,126.8870987418,버거킹,,,,,,,,
54,54.0,서울특별시 구로구 개봉로 55,개봉점,37.4905763406,126.8557067676,버거킹,,,,,,,,
55,55.0,서울특별시 성동구 왕십리로 410,왕십리센트라스점,37.564669126,127.0292611826,버거킹,,,,,,,,
56,56.0,서울특별시 광진구 능동로 245,군자능동점,37.5522322045,127.076538112,버거킹,,,,,,,,
57,57.0,서울특별시 동대문구 보문로 6,신설동역점,37.5761346723325,127.02352845643172,버거킹,,,,,,,,
58,58.0,서울특별시 서초구 신반포로 194,반포고속터미널점,37.5064354739,127.0068357234,버거킹,,,,,,,,
59,59.0,서울특별시 송파구 법원로 8길 13,문정역점,37.48455358630912,127.12230609148229,버거킹,,,,,,,,
60,60.0,서울특별시 강동구 양재대로 1323,둔촌GS FS점,37.52453422376118,127.13442157252156,버거킹,,,,,,,,
61,61.0,서울특별시 강남구 강남대로 406,강남대로점,37.4990209,127.0276559,버거킹,,,,,,,,
62,62.0,서울특별시 금천구 가산디지털1로 168,가산디지털점,37.48191218821725,126.88158303434446,버거킹,,,,,,,,
63,63.0,서울특별시 서초구 방배중앙로 200,방배카페골목,37.4970246929,126.9856336645,버거킹,,,,,,,,
64,64.0,서울특별시 중구 서소문로 136,시청역점,37.5635494826,126.9760453968,버거킹,,,,,,,,
65,65.0,서울특별시 송파구 올림픽로 76,종합운동장사거리점,37.5115631,127.0792026,버거킹,,,,,,,,
66,66.0,서울특별시 영등포구 국회대로70길 23,서여의도점,37.5288766777,126.9210104044,버거킹,,,,,,,,
67,67.0,서울특별시 용산구 한강대로 405,서울역점,37.5548376897,126.9717340524,버거킹,,,,,,,,
68,68.0,서울특별시 송파구 오금로 99,송파구청점,37.5134178844,127.1078389279,버거킹,,,,,,,,
69,69.0,서울특별시 서대문구 연희로 97,연희점,37.5668038826,126.9305145968,버거킹,,,,,,,,
70,70.0,서울특별시 용산구 한강대로23길 55,용산이마트점,37.5297736038,126.9647427471,버거킹,,,,,,,,
71,71.0,서울특별시 성북구 안암로 145,고대중앙광장점,37.5887034224,127.0316981048,버거킹,,,,,,,,
72,72.0,서울특별시 강남구 도곡로 447,대치점,37.4986937546,127.0593167322,버거킹,,,,,,,,
73,73.0,서울특별시 서초구 강남대로 221,양재점,37.483307215,127.0344258652,버거킹,,,,,,,,
74,74.0,서울특별시 동작구 상도로 83,신대방삼거리역점,37.4999121,126.9299862,버거킹,,,,,,,,
75,75.0,서울특별시 서초구 잠원로 69,강남NC점,37.5098628752,127.0071934462,버거킹,,,,,,,,
76,76.0,서울특별시 용산구 한강대로 92,국제점,37.5281742219,126.9675220252,버거킹,,,,,,,,
77,77.0,서울특별시 은평구 통일로 642,녹번대성GS점,37.6040784,126.9352716,버거킹,,,,,,,,
78,78.0,서울특별시 관악구 남부순환로 1796,서울대입구역점,37.4813393,126.9496075,버거킹,,,,,,,,
79,79.0,서울특별시 강서구 양천로 476,가양역점,37.5616037,126.8532854,버거킹,,,,,,,,
80,80.0,서울특별시 서대문구 신촌로 121,신촌1점,37.5562107,126.9393157,버거킹,,,,,,,,
81,81.0,서울특별시 영등포구 도신로 237,신길점,37.5126727,126.9171424,버거킹,,,,,,,,
82,82.0,서울특별시 마포구 월드컵로 155,마포구청역점,37.5613848,126.9049244,버거킹,,,,,,,,
83,83.0,서울특별시 강남구 봉은사로 502,삼성중앙역점,37.5128872,127.0538726,버거킹,,,,,,,,
84,84.0,서울특별시 광진구 아차산로 466,구의점,37.5397064,127.0939346,버거킹,,,,,,,,
85,85.0,서울특별시 양천구 중앙로 275,신정네거리역점,37.5207853,126.852237,버거킹,,,,,,,,
86,86.0,서울특별시 강동구 성내로 22,강동구청점,37.5296075,127.1228378,버거킹,,,,,,,,
87,87.0,서울특별시 강서구 강서로 308,내발산점,37.5531306,126.8368615,버거킹,,,,,,,,
88,88.0,서울특별시 광진구 아차산로 229 1층,건대입구역점,37.5408305,127.0690816,버거킹,,,,,,,,
89,89.0,서울특별시 강남구 봉은사로 105,신논현역점,37.5049634,127.0250571,버거킹,,,,,,,,
90,90.0,서울특별시 관악구 신림로 141,신림미림여고입구점,37.4716121,126.9334537,버거킹,,,,,,,,
91,91.0,서울특별시 강서구 공항대로 549,등촌역점,37.5502213,126.8670783,버거킹,,,,,,,,
92,92.0,서울특별시 성북구 동소문로 120,성신여대입구역점,37.5935068,127.0184118,버거킹,,,,,,,,
93,93.0,서울특별시 노원구 노해로 456,노원역점,37.6535305,127.0586717,버거킹,,,,,,,,
94,94.0,서울특별시 중구 퇴계로 52 티마크그랜드호텔 명동 1층,회현역점,37.5583361,126.9784215,버거킹,,,,,,,,
95,95.0,서울특별시 양천구 공항대로 630,염창역점,37.5465353,126.8747144,버거킹,,,,,,,,
96,96.0,서울특별시 동대문구 경희대로 1-1,경희대점,37.5918385,127.0521165,버거킹,,,,,,,,
97,97.0,서울특별시 서초구 방배로 127 (방배동 925-3),방배점,37.485281,126.9948835,버거킹,,,,,,,,
98,98.0,서울특별시 양천구 오목로 299,목동이마트점,37.5260820776,126.8703542151,버거킹,,,,,,,,
99,99.0,서울특별시 마포구 월드컵북로 344,상암점,37.576503786,126.8938904997,버거킹,,,,,,,,
100,100.0,서울특별시 중랑구 망우로 400,망우점,37.5986769,127.0965557,버거킹,,,,,,,,
101,101.0,서울특별시 은평구 통일로 750,불광점,37.6123464,126.9286789,버거킹,,,,,,,,
102,102.0,서울특별시 강서구 공항대로 32,송정역점,37.5610338,126.8107236,버거킹,,,,,,,,
103,103.0,서울특별시 송파구 송파대로 448,석촌점,37.5065967983,127.1063859654,버거킹,,,,,,,,
104,104.0,서울특별시 송파구 위례중앙로43 GS주유소 내,위례신도시GS점,37.4753528,127.1322885,버거킹,,,,,,,,
105,105.0,서울특별시 노원구 노원로 236,하계점,37.6391058,127.0751285,버거킹,,,,,,,,
106,106.0,서울특별시 동작구 노량진로 169,노량진점,37.5140993435,126.9448245088,버거킹,,,,,,,,
107,107.0,서울특별시 강서구 화곡로 142,화곡역점,37.5405706,126.8376195,버거킹,,,,,,,,
108,108.0,서울특별시 노원구 노원로 3,화랑대역점,37.6219901,127.0866513,버거킹,,,,,,,,
109,109.0,서울특별시 중랑구 겸재로 180,면목역점,37.5882095,127.0879653,버거킹,,,,,,,,
0,,서울 강남구 역삼동 822-2,강남 2호점,37.4986859,127.0287553,맥도날드,,,,,,,,
1,,서울 강북구 미아동 197-5,미아역,37.626944,127.026192,맥도날드,,,,,,,,
2,,서울 금천구 가산동 60-22,마리오 아울렛,37.4779193,126.8872055,맥도날드,,,,,,,,
3,,서울 강서구 등촌동 630,등촌 DT,37.5582134,126.8597362,맥도날드,,,,,,,,
4,,서울 송파구 신천동 7-25,잠실역,37.5150646,127.099686,맥도날드,,,,,,,,
5,,서울 종로구 명륜2가 197-1,성균관대,37.5834143,126.9988817,맥도날드,,,,,,,,
6,,서울 송파구 송파동 84,석촌역,37.5059873,127.1091036,맥도날드,,,,,,,,
7,,서울 서초구 서초동 1674-5,서울교대점,37.4939517,127.0161834,맥도날드,,,,,,,,
8,,서울 영등포구 양평동3가 80-2,양평SK DT,37.5309805,126.893343,맥도날드,,,,,,,,
9,,서울 양천구 신월동 525-1,신월남부 DT점,37.5197288,126.8387402,맥도날드,,,,,,,,
10,,서울 서대문구 창천동 33-12,연세대점,37.5585515,126.9367086,맥도날드,,,,,,,,
11,,서울 강남구 삼성동 158-15,삼성역,37.5082794,127.0587636,맥도날드,,,,,,,,
12,,서울 마포구 서교동 490,합정메세나폴리스,37.5507165,126.9134947,맥도날드,,,,,,,,
13,,서울 영등포구 여의도동 23,여의도,37.525103,126.92577838897704,맥도날드,,,,,,,,
14,,서울 강남구 논현동 242-29,강남구청,37.5162358,127.0413134,맥도날드,,,,,,,,
15,,서울 광진구 화양동 212,어린이대공원점,37.5472224,127.0730854,맥도날드,,,,,,,,
16,,서울 중구 회현동3가 1-5,명동 2호점,37.5605158,126.9846104,맥도날드,,,,,,,,
17,,서울 금천구 가산동 50-3,가산디지털,37.4813244,126.8837789,맥도날드,,,,,,,,
18,,서울 서초구 양재동 81,양재 SK DT,37.478071,127.03961,맥도날드,,,,,,,,
19,,서울 금천구 가산동 371-6,가산비지니스센터점,37.4801705,126.8811402,맥도날드,,,,,,,,
20,,서울 동작구 사당동 147-29,이수점,37.484658,126.980731,맥도날드,,,,,,,,
21,,서울 구로구 신도림동 692,신도림 디큐브,37.5094279,126.8898029,맥도날드,,,,,,,,
22,,서울 마포구 도화동 559,공덕점,37.5411571,126.9471352,맥도날드,,,,,,,,
23,,서울 동작구 흑석동 221,중앙대,37.506553,126.958968,맥도날드,,,,,,,,
24,,서울 강남구 대치동 938-22,한티역,37.4973442,127.055157,맥도날드,,,,,,,,
25,,서울 강남구 역삼동 707-27,선릉,37.5034932,127.0470395,맥도날드,,,,,,,,
26,,서울 서초구 서초동 1536-1,서초GS점,37.486518,127.009527,맥도날드,,,,,,,,
27,,서울 중구 명동1가 48-2,명동,37.564146,126.9845069,맥도날드,,,,,,,,
28,,서울 구로구 구로동 197-21,구로디지털,37.485098,126.8950405,맥도날드,,,,,,,,
29,,서울 종로구 종로3가 10,종로 3,37.570588,126.990462,맥도날드,,,,,,,,
30,,서울 은평구 응암동 90-1,은평이마트,37.600317,126.920178,맥도날드,,,,,,,,
31,,서울 강남구 신사동 603-2,압구정CGV,37.524435,127.028976,맥도날드,,,,,,,,
32,,서울 서초구 서초동 1338-20,서초뱅뱅,37.490081,127.030926,맥도날드,,,,,,,,
33,,서울 도봉구 쌍문동 700,쌍문DT점,37.653641,127.037193,맥도날드,,,,,,,,
34,,서울 성동구 성수동2가 333-16,성수이마트,37.540261,127.053351,맥도날드,,,,,,,,
35,,서울 서초구 양재동 24,양재,37.4822573,127.0358688,맥도날드,,,,,,,,
36,,서울 구로구 구로동 3-25,신도림 테크노점,37.506818,126.890674,맥도날드,,,,,,,,
37,,서울 용산구 동자동 43-205,서울역,37.5546203,126.9704671,맥도날드,,,,,,,,
38,,서울 성북구 종암동 10-15,종암SK,37.59578,127.0360251,맥도날드,,,,,,,,
39,,서울 은평구 구산동 1-14,구산,37.6106,126.916698,맥도날드,,,,,,,,
40,,서울 송파구 가락동 193-7,가락DT점,37.494879,127.130762,맥도날드,,,,,,,,
41,,서울 송파구 잠실동 181-9,신천,37.511393,127.082759,맥도날드,,,,,,,,
42,,서울 강서구 공항동 45-38,송정역,37.561718,126.809705,맥도날드,,,,,,,,
43,,서울 동대문구 전농동 295-96,전농,37.578132,127.057758,맥도날드,,,,,,,,
44,,서울 양천구 목동 908-25,파리공원점,37.537162,126.881005,맥도날드,,,,,,,,
45,,서울 은평구 갈현동 456-28,연신내,37.617615,126.919217,맥도날드,,,,,,,,
46,,서울 중랑구 망우동 506-1,상봉이마트,37.5964905,127.093618,맥도날드,,,,,,,,
47,,서울 강남구 청담동 87-3,청담DT,37.5237111,127.0403004,맥도날드,,,,,,,,
48,,서울 양천구 신정동 323-20,양천구청DT점,37.515464,126.862965,맥도날드,,,,,,,,
49,,서울 성동구 행당동 31-7,한양대,37.557201,127.041917,맥도날드,,,,,,,,
50,,서울 중랑구 신내동 666,신내,37.606387,127.094714,맥도날드,,,,,,,,
51,,서울 종로구 동숭동 1-34,대학로,37.58285,127.002106,맥도날드,,,,,,,,
52,,서울 노원구 상계동 763-2,중계역,37.648286,127.062056,맥도날드,,,,,,,,
53,,서울 광진구 자양동 216-11,구의역,37.536406,127.084466,맥도날드,,,,,,,,
54,,서울 양천구 신정동 899-6,목동,37.528116,126.863788,맥도날드,,,,,,,,
55,,서울 중랑구 상봉동 130-166,중랑,37.59341,127.075477,맥도날드,,,,,,,,
56,,서울 노원구 중계동 359-14,중계,37.650831,127.07599,맥도날드,,,,,,,,
57,,서울 성북구 동소문동1가 32-3,삼선,37.5894108,127.0075428,맥도날드,,,,,,,,
58,,서울 영등포구 영등포동3가 10-4,영등포,37.516948,126.90763,맥도날드,,,,,,,,
59,,서울 관악구 신림동 1641-22,신림,37.481966,126.930161,맥도날드,,,,,,,,
60,,서울 성북구 안암동5가 102-33,안암,37.584398,127.029239,맥도날드,,,,,,,,
61,,서울 강북구 번동 418-17,수유,37.637908,127.026011,맥도날드,,,,,,,,
62,,서울 서초구 방배동 909-9,방배,37.481612,126.997127,맥도날드,,,,,,,,
63,,서울 동작구 노량진동 100-1,노량진,37.5134312,126.943535,맥도날드,,,,,,,,
64,,서울 용산구 이태원동 56-21,이태원,37.5339542,126.9897127,맥도날드,,,,,,,,
65,,서울 양천구 신월동 199-3,신월DT,37.5314234,126.8308779,맥도날드,,,,,,,,
66,,서울 동대문구 장안동 308-4,장안사거리점,37.572507,127.072619,맥도날드,,,,,,,,
67,,서울 동대문구 이문동 305-2,외대,37.595842,127.061874,맥도날드,,,,,,,,
68,,서울 강남구 신사동 514-15,신사역,37.517415,127.021881,맥도날드,,,,,,,,
69,,서울 강남구 논현동 129-1,학동역,37.513571,127.0304277,맥도날드,,,,,,,,
70,,서울 강서구 염창동 280-11,염창 DT점,37.547627,126.8715,맥도날드,,,,,,,,
71,,서울 서대문구 남가좌동 324-3,명지대점,37.579896,126.924725,맥도날드,,,,,,,,
72,,서울 동작구 상도동 505-5,숭실대,37.495071,126.956887,맥도날드,,,,,,,,
73,,서울 노원구 상계동 1022,상계DT,37.672395,127.056223,맥도날드,,,,,,,,
74,,경기 양주시 장흥면 삼하리 250-16,양주휴게소DT,37.678968,126.91616,맥도날드,,,,,,,,
75,,서울 강동구 상일동 502,상일동점,37.5498037,127.1753478,맥도날드,,,,,,,,
76,,서울 도봉구 도봉동 620-25,방학역DT점,37.670048,127.043274,맥도날드,,,,,,,,
77,,서울 송파구 잠실동 305-15,송파잠실DT,37.504361,127.077051,맥도날드,,,,,,,,
78,,서울 노원구 공릉동 435-2,과학기술대점,37.629723,127.07612,맥도날드,,,,,,,,
79,,서울 금천구 시흥동 903-4,서울시흥DT,37.45046,126.902621,맥도날드,,,,,,,,
80,,서울 강북구 번동 106,서울번동DT점,37.621142,127.045245,맥도날드,,,,,,,,
81,,서울 강북구 미아동 682-12,미아DT,37.618093,127.021708,맥도날드,,,,,,,,
82,,서울시 강서구 화곡동 1026,우장산DT,37.545063,126.837336,맥도날드,,,,,,,,
83,,서울 강동구 천호동 31-10,굽은다리역DT,37.547256,127.142984,맥도날드,,,,,,,,
84,,서울 강동구 둔촌동 517-2,서울둔촌DT,37.52928,127.137334,맥도날드,,,,,,,,
85,,서울 구로구 고척동 73-20,고척DT,37.497228,126.863536,맥도날드,,,,,,,,
86,,서울 영등포구 신길동 505,보라매,37.5003258,126.9200103,맥도날드,,,,,,,,
87,,서울 강남구 삼성동 159,코엑스,37.5105202,127.0602059,맥도날드,,,,,,,,
88,,서울 마포구 상암동 1602,서울 상암 DMC,37.5804493,126.8899133,맥도날드,,,,,,,,
89,,서울 서대문구 홍제동 253-11,홍제역,37.588756,126.944663,맥도날드,,,,,,,,
90,,서울 강남구 삼성동 113-7,강남삼성DT,37.5108629,127.0473756,맥도날드,,,,,,,,
91,,서울 종로구 창신동 290,동묘,37.5731655,127.0151274,맥도날드,,,,,,,,
92,,서울 마포구 망원동 377-19,망원점,37.5560628,126.9097173,맥도날드,,,,,,,,
93,,서울 송파구 장지동 896,위례신도시,37.4749314,127.1428218,맥도날드,,,,,,,,
94,,서울 노원구 하계동 284,세이브존 노원,37.6366485,127.0689352,맥도날드,,,,,,,,
95,,서울 중구 을지로1가 32,서울시청,37.5667729,126.9794809,맥도날드,,,,,,,,
0,0.0,,,37.4776598,127.1250068,맘스터치,가든파이브점,서울특별시,송파구,문정동,,,,
1,1.0,,,37.4814002,126.8837813,맘스터치,가산디지털단지역점,서울특별시,금천구,벚꽃로,,,,
2,2.0,,,37.4754654,126.8908853,맘스터치,가산센트럴점,서울특별시,금천구,가산동,,,,
3,3.0,,,37.56153,126.8539946,맘스터치,가양역점,서울특별시,강서구,등촌동,,,,
4,4.0,,,37.5784186,126.9099561,맘스터치,가재울점,서울특별시,서대문구,북가좌동,,,,
5,5.0,,,37.5079472,127.0272491,맘스터치,강남논현점,서울특별시,강남구,강남대로120길,,,,
6,6.0,,,37.4956509,127.0320224,맘스터치,강남대성학원점,서울특별시,강남구,강남대로78길,,,,
7,7.0,,,37.5047276,127.0460538,맘스터치,강남선릉점,서울특별시,강남구,선릉로93길,,,,
8,8.0,,,37.4753039,127.1047122,맘스터치,강남세곡점,서울특별시,강남구,자곡로,,,,
9,9.0,,,37.5260003,127.0271599,맘스터치,강남압구정점,서울특별시,강남구,신사동,,,,
10,10.0,,,37.5016412,127.0269042,맘스터치,강남역점,서울특별시,강남구,역삼동,,,,
11,11.0,,,37.5656316,127.1738307,맘스터치,강동강일점,서울특별시,강동구,아리수로93길,,,,
12,12.0,,,37.5591958,127.1527974,맘스터치,강동고덕점,서울특별시,강동구,고덕동,,,,
13,13.0,,,37.550162,127.1461669,맘스터치,강동명일점,서울특별시,강동구,구천면로,,,,
14,14.0,,,37.5366298,127.1347656,맘스터치,강동역점,서울특별시,강동구,천호동,,,,
15,15.0,,,37.5505813,126.8490472,맘스터치,강서구청점,서울특별시,강서구,화곡로,,,,
16,16.0,,,37.5736289,126.8136657,맘스터치,강서방화사거리점,서울특별시,강서구,방화동,,,,
17,17.0,,,37.4939887,126.8582373,맘스터치,개봉역점,서울특별시,구로구,개봉동,,,,
18,18.0,,,37.5417175,127.0873849,맘스터치,건대로데오점,서울특별시,광진구,아차산로,,,,
19,19.0,,,37.5390734,127.0711481,맘스터치,건대스타시티점,서울특별시,광진구,능동로,,,,
20,20.0,,,37.5921536,127.0521914,맘스터치,경희대로점,서울특별시,동대문구,경희대로,,,,
21,21.0,,,37.5886237,127.0325553,맘스터치,고대타이거플라자점,서울특별시,성북구,안암동5가,,,,
22,22.0,,,37.5899103,127.0318122,맘스터치,고대하나스퀘어점,서울특별시,성북구,안암로,,,,
23,23.0,,,37.5066791,126.8594812,맘스터치,고척사거리점,서울,구로구,고척동,,,,
24,24.0,,,37.6291183,127.076729,맘스터치,과기대점,서울특별시,노원구,공릉동,,,,
25,25.0,,,37.4726909,126.9194689,맘스터치,관악난곡점,서울특별시,관악구,신림동,,,,
26,26.0,,,37.4703177,126.9395214,맘스터치,관악대학동점,서울특별시,관악구,신림동,,,,
27,27.0,,,37.4751076,126.9813722,맘스터치,관악사당역점,서울특별시,관악구,남현동,,,,
28,28.0,,,37.4864665,126.9128134,맘스터치,관악신대방역점,서울특별시,관악구,신사로,,,,
29,29.0,,,37.5413606,127.0972644,맘스터치,광장동점,서울특별시,광진구,아차산로,,,,
30,30.0,,,37.4950671,126.8720041,맘스터치,구로구일역점,서울특별시,구로구,구로동,,,,
31,31.0,,,37.4843329,126.9022313,맘스터치,구로디지털단지역점,서울,구로구,시흥대로,,,,
32,32.0,,,37.4895303,126.8909877,맘스터치,구로시장점,서울특별시,구로구,구로동,,,,
33,33.0,,,37.5064034,126.8833762,맘스터치,구로신도림점,서울특별시,구로구,경인로59길,,,,
34,34.0,,,37.4798826,126.8232343,맘스터치,구로항동점,서울특별시,구로구,항동,,,,
35,35.0,,,37.61011,126.9170969,맘스터치,구산역점,서울특별시,은평구,역촌동,,,,
36,36.0,,,37.6394555,126.9191948,맘스터치,구파발역점,서울특별시,은평구,진관3로,,,,
37,37.0,,,37.6104451,126.9962399,맘스터치,국민대점,서울특별시,성북구,정릉동,,,,
38,38.0,,,37.5564597,127.0794582,맘스터치,군자역점,서울특별시,광진구,능동로,,,,
39,39.0,,,37.5431493,127.1416967,맘스터치,굽은다리역점,서울,강동구,천호동,,,,
40,40.0,,,37.4522347,126.9019141,맘스터치,금천시흥사거리점,서울특별시,금천구,시흥대로,,,,
41,41.0,,,37.4503799,126.9102731,맘스터치,금천은행나무점,서울특별시,금천구,금하로,,,,
42,42.0,,,37.5318084,126.8469679,맘스터치,까치산점,서울특별시,강서구,강서로,,,,
43,43.0,,,37.4767953,126.9650314,맘스터치,낙성대역점,서울특별시,관악구,행운동,,,,
44,44.0,,,37.4854376,126.9698719,맘스터치,남성역점,서울특별시,동작구,사당동,,,,
45,45.0,,,37.5115821,126.9453692,맘스터치,노량진1호점,서울특별시,동작구,노량진동,,,,
46,46.0,,,37.5125504,126.9432237,맘스터치,노량진2호점,서울특별시,동작구,노량진1동,,,,
47,47.0,,,37.6569857,127.0625015,맘스터치,노원로데오점,서울특별시,노원구,상계로3길,,,,
48,48.0,,,37.6485032,127.0763319,맘스터치,노원중계점,서울특별시,노원구,중계동,,,,
49,49.0,,,37.6402747,127.072766,맘스터치,노원하계점,서울특별시,노원구,노원로,,,,
50,50.0,,,37.5105435,127.0359609,맘스터치,논현아이파크점,서울특별시,강남구,논현동,,,,
51,51.0,,,37.5668543,127.0532151,맘스터치,답십리역점,서울,동대문구,천호대로,,,,
52,52.0,,,37.5346308,126.8999307,맘스터치,당산역점,서울특별시,영등포구,양평로,,,,
53,53.0,,,37.5117742,126.9253635,맘스터치,대방역점,서울,동작구,대방동,,,,
54,54.0,,,37.4976011,127.0611387,맘스터치,대치동학원가점,서울특별시,강남구,삼성로,,,,
55,55.0,,,37.6484391,127.0145972,맘스터치,덕성여대점,서울특별시,강북구,수유2동,,,,
56,56.0,,,37.4690188,126.8956012,맘스터치,독산지식산업센터점,서울특별시,금천구,독산동,,,,
57,57.0,,,37.5719662,127.0739337,맘스터치,동대문장안점,서울특별시,동대문구,장안동,,,,
58,58.0,,,37.5687346,127.0076665,맘스터치,동대문현대시티점,서울특별시,중구,장충단로13길,,,,
59,59.0,,,37.6037732,127.0425437,맘스터치,동덕여대점,서울특별시,성북구,화랑로13길,,,,
60,60.0,,,37.5007793,126.8664311,맘스터치,동양미래대점,서울특별시,구로구,경인로47길,,,,
61,61.0,,,37.5193933,126.9327758,맘스터치,동여의도점,서울특별시,영등포구,여의대방로,,,,
62,62.0,,,37.4966296,126.9157976,맘스터치,동작보라매점,서울특별시,동작구,여의대방로,,,,
63,63.0,,,37.5242066,127.1343474,맘스터치,둔촌동역점,서울특별시,강동구,성내동,,,,
64,64.0,,,37.562965,126.8290376,맘스터치,마곡LG사이언스파크점,서울특별시,강서구,마곡동,,,,
65,65.0,,,37.569305,126.8256196,맘스터치,마곡나루역점,서울특별시,강서구,마곡서로,,,,
66,66.0,,,37.5591904,126.8229551,맘스터치,마곡역홈앤쇼핑점,서울특별시,강서구,마곡동,,,,
67,67.0,,,37.5664669,127.0430045,맘스터치,마장점,서울특별시,성동구,마장동,,,,
68,68.0,,,37.5467933,126.9526142,맘스터치,마포공덕역점,서울특별시,마포구,마포대로,,,,
69,69.0,,,37.54784,126.9425226,맘스터치,마포대흥역점,서울특별시,마포구,대흥동,,,,
70,70.0,,,37.5555391,126.9094503,맘스터치,망원역점,서울특별시,마포구,월드컵로,,,,
71,71.0,,,37.4858025,127.0448818,맘스터치,매봉역점,서울특별시,강남구,남부순환로,,,,
72,72.0,,,37.579448,127.0877705,맘스터치,면목점,서울특별시,중랑구,면목동,,,,
73,73.0,,,37.5616026,126.9864574,맘스터치,명동점,서울특별시,중구,명동8가길,,,,
74,74.0,,,37.5355116,126.8637338,맘스터치,목동2호점,서울특별시,양천구,등촌로,,,,
75,75.0,,,37.5362007,126.8800956,맘스터치,목동파리공원점,서울특별시,양천구,목동,,,,
76,76.0,,,37.4846615,127.1209336,맘스터치,문정역점,서울특별시,송파구,문정동,,,,
77,77.0,,,37.6137719,127.0310384,맘스터치,미아사거리역점,서울특별시,강북구,미아동,,,,
78,78.0,,,37.5262392,126.9990093,맘스터치,보광동점,서울특별시,용산구,보광동,,,,
79,79.0,,,37.4865718,126.9465582,맘스터치,봉천현대시장점,서울,관악구,양녕로,,,,
80,80.0,,,37.536532,126.9729276,맘스터치,삼각지역점,서울특별시,용산구,한강대로,,,,
81,81.0,,,37.5127609,127.0512543,맘스터치,삼성중앙역점,서울특별시,강남구,삼성동,,,,
82,82.0,,,37.6193807,127.0207146,맘스터치,삼양사거리점,서울특별시,강북구,솔샘로,,,,
83,83.0,,,37.6602717,127.0740667,맘스터치,상계역점,서울특별시,노원구,중계동,,,,
84,84.0,,,37.5022795,126.9488053,맘스터치,상도역점,서울특별시,동작구,상도1동,,,,
85,85.0,,,37.5968606,127.086118,맘스터치,상봉역점,서울,중랑구,상봉동,,,,
86,86.0,,,37.5811234,126.890989,맘스터치,상암MBC점,서울특별시,마포구,성암로,,,,
87,87.0,,,37.5643507,126.9675632,맘스터치,서대문역점,서울특별시,서대문구,미근동,,,,
88,88.0,,,37.4983183,126.9984973,맘스터치,서래마을점,서울,서초구,반포동,,,,
89,89.0,,,37.4821697,126.9536703,맘스터치,서울대입구역점,서울특별시,관악구,관악로,,,,
90,90.0,,,37.5832339,127.0531717,맘스터치,서울시립대점,서울특별시,동대문구,전농동,,,,
91,91.0,,,37.5670515,126.9793882,맘스터치,서울시청점,서울특별시,중구,무교로,,,,
92,92.0,,,37.5961888,127.0603081,맘스터치,서울외대점,서울특별시,동대문구,이문로,,,,
93,93.0,,,37.587801,127.096256,맘스터치,서일대점,서울특별시,중랑구,용마산로,,,,
94,94.0,,,37.4934773,127.0154485,맘스터치,서초교대점,서울특별시,서초구,서초동,,,,
95,95.0,,,37.5022495,127.0120029,맘스터치,서초중앙로점,서울특별시,서초구,반포동,,,,
96,96.0,,,37.6155469,127.0637456,맘스터치,석계역점,서울특별시,노원구,석계로1길,,,,
97,97.0,,,37.5039484,127.1078872,맘스터치,석촌역점,서울특별시,송파구,석촌동,,,,
98,98.0,,,37.5355574,126.8987025,맘스터치,선유도역점,서울특별시,영등포구,양평로,,,,
99,99.0,,,37.5855901,126.9954482,맘스터치,성균관대점,서울특별시,종로구,명륜3가,,,,
100,100.0,,,37.5479639,127.0218817,맘스터치,성동금호점,서울특별시,성동구,금호동4가,,,,
101,101.0,,,37.5980497,127.0351598,맘스터치,성북종암점,서울특별시,성북구,종암동,,,,
102,102.0,,,37.5437513,127.0572022,맘스터치,성수역점,서울특별시,성동구,성수이로20길,,,,
103,103.0,,,37.4951788,127.1509931,맘스터치,송파마천점,서울특별시,송파구,마천로,,,,
104,104.0,,,37.5104377,127.117363,맘스터치,송파방이점,서울특별시,송파구,백제고분로,,,,
105,105.0,,,37.5289441,127.117383,맘스터치,송파풍납점,서울특별시,송파구,풍납동,,,,
106,106.0,,,37.6381851,127.0250664,맘스터치,수유역점,서울특별시,강북구,도봉로87길,,,,
107,107.0,,,37.5449163,126.9660297,맘스터치,숙명여대점,서울특별시,용산구,청파동,,,,
108,108.0,,,37.4959653,126.9535537,맘스터치,숭실대입구역점,서울특별시,동작구,상도로,,,,
109,109.0,,,37.555147,127.0202677,맘스터치,신금호역점,서울특별시,성동구,금호동1가,,,,
110,110.0,,,37.4994798,126.9279165,맘스터치,신대방삼거리역점,서울특별시,동작구,보라매로,,,,
111,111.0,,,37.5070143,126.8902633,맘스터치,신도림테크노마트점,서울특별시,구로구,새말로,,,,
112,112.0,,,37.4844984,126.928268,맘스터치,신림역점,서울특별시,관악구,남부순환로,,,,
113,113.0,,,37.5238336,126.8731569,맘스터치,신목동점,서울특별시,양천구,목1동,,,,
114,114.0,,,37.6113523,127.0139701,맘스터치,신서경대점,서울특별시,성북구,정릉동,,,,
115,115.0,,,37.5487542,126.8676218,맘스터치,신서울등촌점,서울특별시,양천구,목동중앙북로7길,,,,
116,116.0,,,37.5764649,127.0248426,맘스터치,신설동역점,서울특별시,동대문구,왕산로,,,,
117,117.0,,,37.591682,127.0178486,맘스터치,신성신여대점,서울특별시,성북구,동소문로,,,,
118,118.0,,,37.5363238,126.83294,맘스터치,신월점,서울특별시,양천구,신월1동,,,,
119,119.0,,,37.5205483,126.8524139,맘스터치,신정네거리역점,서울특별시,양천구,신정동,,,,
120,120.0,,,37.5575958,126.9377977,맘스터치,신촌점,서울특별시,서대문구,명물길,,,,
121,121.0,,,37.5032034,126.9096224,맘스터치,신풍역점,서울특별시,영등포구,신길로,,,,
122,122.0,,,37.6594828,127.035259,맘스터치,쌍문세라믹점,서울특별시,도봉구,쌍문동,,,,
123,123.0,,,37.6497057,127.0357347,맘스터치,쌍문역점,서울특별시,도봉구,도봉로,,,,
124,124.0,,,37.552616,127.0897272,맘스터치,아차산역점,서울특별시,광진구,천호대로,,,,
125,125.0,,,37.549475,127.1275316,맘스터치,암사역점,서울특별시,강동구,올림픽로,,,,
126,126.0,,,37.4853348,127.0366243,맘스터치,양재역점,서울특별시,강남구,도곡동,,,,
127,127.0,,,37.5161604,126.8621608,맘스터치,양천구청점,서울특별시,양천구,목동서로,,,,
128,128.0,,,37.56552,126.8399971,맘스터치,양천향교역점,서울특별시,강서구,강서로,,,,
129,129.0,,,37.5676388,126.9312649,맘스터치,연희동점,서울,서대문구,연희동,,,,
130,130.0,,,37.5256359,126.8976131,맘스터치,영등포구청역점,서울특별시,영등포구,당산동3가,,,,
131,131.0,,,37.5199099,126.8905696,맘스터치,영등포문래점,서울특별시,영등포구,문래로,,,,
132,132.0,,,37.4912145,126.8420433,맘스터치,오류동역남부점,서울특별시,구로구,오류2동,,,,
133,133.0,,,37.4961447,126.8448714,맘스터치,오류동역점,서울특별시,구로구,오류동,,,,
134,134.0,,,37.5665508,127.0247865,맘스터치,왕십리뉴타운점,서울특별시,성동구,왕십리로,,,,
135,135.0,,,37.5499757,126.8359264,맘스터치,우장산역점,서울특별시,강서구,내발산동,,,,
136,136.0,,,37.6294598,127.0574391,맘스터치,월계역점,서울특별시,노원구,월계동,,,,
137,137.0,,,37.4765219,127.1434373,맘스터치,위례중앙점,서울특별시,송파구,위례광장로,,,,
138,138.0,,,37.6176108,126.9187143,맘스터치,은평갈현점,서울특별시,은평구,갈현동,,,,
139,139.0,,,37.6016906,126.928974,맘스터치,은평구청점,서울특별시,은평구,녹번동,,,,
140,140.0,,,37.6139815,126.9323328,맘스터치,은평불광1호점,서울특별시,은평구,불광로,,,,
141,141.0,,,37.598408,126.9153039,맘스터치,은평응암점,서울특별시,은평구,증산로,,,,
142,142.0,,,37.5569487,126.9447597,맘스터치,이대점,서울특별시,서대문구,대현동,,,,
143,143.0,,,37.4874733,126.9810179,맘스터치,이수점,서울특별시,동작구,동작대로,,,,
144,144.0,,,37.5316404,127.0802083,맘스터치,자양성자초교점,서울,광진구,자양동,,,,
145,145.0,,,37.5047485,127.0876288,맘스터치,잠실1호점,서울특별시,송파구,백제고분로,,,,
146,146.0,,,37.5113945,127.0836429,맘스터치,잠실새내역점,서울특별시,송파구,올림픽로,,,,
147,147.0,,,37.5148022,127.0736261,맘스터치,잠실야구장점,서울특별시,송파구,올림픽로,,,,
148,148.0,,,37.5699318,126.9843622,맘스터치,종각역점,서울특별시,종로구,종로2가,,,,
149,149.0,,,37.5832775,127.0006054,맘스터치,종로대학로점,서울특별시,종로구,명륜4가,,,,
150,150.0,,,37.5657023,127.0839684,맘스터치,중곡역점,서울특별시,광진구,중곡동,,,,
151,151.0,,,37.5942753,127.0762077,맘스터치,중랑역점,서울특별시,중랑구,망우로,,,,
152,152.0,,,37.5076858,126.9604699,맘스터치,중앙대점,서울특별시,동작구,흑석로,,,,
153,153.0,,,37.6030096,127.0795377,맘스터치,중화역점,서울특별시,중랑구,중화동,,,,
154,154.0,,,37.6529099,127.0455893,맘스터치,창동역점,서울특별시,도봉구,노해로,,,,
155,155.0,,,37.6211445,127.0747999,맘스터치,태릉입구역점,서울,노원구,동일로,,,,
156,156.0,,,37.5292323,126.9669747,맘스터치,테라스용산점,서울,용산구,한강대로,,,,
157,157.0,,,37.4771281,127.0456172,맘스터치,포이사거리점,서울특별시,강남구,개포동,,,,
158,158.0,,,37.5877949,127.0068321,맘스터치,한성대입구역점,서울특별시,성북구,삼선교로,,,,
159,159.0,,,37.5605048,127.0410553,맘스터치,한양대점,서울특별시,성동구,마조로,,,,
160,160.0,,,37.4980928,127.0532851,맘스터치,한티역점,서울특별시,강남구,대치동,,,,
161,161.0,,,37.5582574,127.0354666,맘스터치,행당역점1,서울특별시,성동구,고산자로,,,,
162,162.0,,,37.4984505,127.1072503,맘스터치,헬리오시티점,서울,송파구,송파대로,,,,
163,163.0,,,37.5745621,127.0388087,맘스터치,홈플러스동대문점,서울특별시,동대문구,천호대로,,,,
164,164.0,,,37.5528451,126.924721,맘스터치,홍대점,서울특별시,마포구,와우산로,,,,
165,165.0,,,37.5897862,126.9425766,맘스터치,홍제역점,서울특별시,서대문구,홍제동,,,,
166,166.0,,,37.5413205,126.8378817,맘스터치,화곡역점,서울특별시,강서구,화곡3동,,,,
167,167.0,,,37.5825002,127.0686061,맘스터치,휘경여고점,서울특별시,동대문구,한천로,,,,
168,168.0,,,37.5895997,127.0613712,맘스터치,휘경점,서울특별시,동대문구,휘경2동,,,,
0,0.0,"서울 동작구 보라매로5가길 7 (신대방동, 캐릭터 그린빌)",,37.4918923385272,126.925155660013,kfc,,,,,보라매,서울,동작구,
1,1.0,서울 노원구 석계로1길 14 (월계동),,37.6155547536985,127.063913961862,kfc,,,,,석계역,서울,노원구,
2,2.0,서울 용산구 한강대로 297 (갈월동),,37.5447583877858,126.971683656137,kfc,,,,,숙대입구,서울,용산구,
3,3.0,서울 강동구 양재대로 1651 (명일동),,37.5529554759722,127.14380071197,kfc,,,,,명일DI점,서울,강동구,
4,4.0,서울 양천구 중앙로 277 (신정동),,37.5209251971625,126.852250412499,kfc,,,,,신정네거리역,서울,양천구,
5,5.0,서울 노원구 동일로 1401 (상계동),,37.6535750451494,127.060380855012,kfc,,,,,노원역,서울,노원구,
6,6.0,"서울 서초구 방배천로 11 (방배동, SK리더스뷰)",,37.4777007617804,126.982236074572,kfc,,,,,사당역,서울,서초구,
7,7.0,"서울 관악구 신림로 318 (신림동, 청암두산위브센티움)",,37.4825754320038,126.930252917369,kfc,,,,,신림역,서울,관악구,
8,8.0,"서울 중랑구 공릉로 8 (묵동, 대길빌딩)",,37.6115670192576,127.078073728968,kfc,,,,,먹골역,서울,중랑구,
9,9.0,서울 성북구 개운사길 5 (안암동5가),,37.5866593622136,127.029166984176,kfc,,,,,고대안암,서울,성북구,
10,10.0,서울 강서구 공항대로 271 (마곡동),,37.5589430708389,126.837790496795,kfc,,,,,발산역,서울,강서구,
11,11.0,서울 서대문구 거북골로 53 (남가좌동),,37.5782945777333,126.922334724465,kfc,,,,,명지대,서울,서대문구,
12,12.0,서울 중구 퇴계로 213 (충무로4가),,37.5619021020364,126.99549327445,kfc,,,,,충무로역,서울,중구,
13,13.0,서울 은평구 은평로 127 (응암동),,37.6006299316031,126.921965672213,kfc,,,,,응암,서울,은평구,
14,14.0,서울 동작구 흑석로 94 (흑석동),,37.5072688094279,126.959980376481,kfc,,,,,중앙대,서울,동작구,
15,15.0,서울 강서구 강서로 162 (화곡동),,37.5413953350972,126.841038303492,kfc,,,,,화곡역,서울,강서구,
16,16.0,서울 마포구 월드컵북로 396 (상암동),,37.5794419093126,126.890322604776,kfc,,,,,상암DMC,서울,마포구,
17,17.0,서울 동대문구 이문로 114 (이문동),,37.5967350539561,127.060682416152,kfc,,,,,한국외대,서울,동대문구,
18,18.0,서울 송파구 올림픽로 240 (잠실동),,37.5113096112036,127.098141751177,kfc,,,,,롯데월드,서울,송파구,
19,19.0,서울 은평구 연서로 226-1 (대조동),,37.6184286429111,126.920527024057,kfc,,,,,연신내역,서울,은평구,
20,20.0,서울 은평구 통일로 750 (불광동),,37.6123341513595,126.928663502355,kfc,,,,,불광역,서울,은평구,
21,21.0,서울 동작구 노량진로 151 (노량진동),,37.5158026675555,126.948359181242,kfc,,,,,노량진역,서울,동작구,
22,22.0,서울 서초구 동작대로 114 (방배동),,37.4867629041126,126.982679310439,kfc,,,,,이수역,서울,서초구,
23,23.0,서울 서대문구 신촌로 79 (창천동),,37.556000258611,126.935189216315,kfc,,,,,신촌역,서울,서대문구,
24,24.0,서울 서초구 서초대로77길 15 (서초동),,37.4989378679742,127.026075156794,kfc,,,,, 강남역,서울,강남구,
25,25.0,서울 관악구 남부순환로 1909 (봉천동),,37.4781130269299,126.961606986499,kfc,,,,,낙성대,서울,관악구,
26,26.0,서울 영등포구 양평로 46 (당산동6가),,37.5344675357409,126.901645865014,kfc,,,,,당산역,서울,영등포구,
27,27.0,서울 송파구 올림픽로 25 (잠실동),,37.5161996814031,127.075939572603,kfc,,,,,잠실야구장,서울,송파구,
28,28.0,서울 강남구 도곡로 517 (대치동),,37.4998968060867,127.062919582761,kfc,,,,,대치동,서울,강남구,
29,29.0,서울 금천구 독산로 195 (독산동),,37.4643333023941,126.902702232196,kfc,,,,,독산동,서울,금천구,
30,30.0,서울 마포구 양화로 156 (동교동),,37.5561130617043,126.923446601456,kfc,,,,,홍익대,서울,마포구,
31,31.0,서울 용산구 대사관로 62 (한남동),,37.5332099548457,127.004978714609,kfc,,,,,한남순천향,서울,용산구,
32,32.0,서울 강남구 학동로 218 (논현동),,37.514361074637,127.032994222798,kfc,,,,,학동역,서울,강남구,
33,33.0,서울 강남구 영동대로 513 (삼성동),,37.5118239121138,127.059159043842,kfc,,,,,코엑스MALL,서울,강남구,
34,34.0,서울 동대문구 왕산로 214 (전농동),,37.5841961381161,127.05114707633,kfc,,,,,청량리역사,서울,동대문구,
35,35.0,서울 종로구 청계천로 35 (서린동),,37.5693392529284,126.981377714314,kfc,,,,,청계천,서울,종로구,
36,36.0,서울 강동구 천호옛길 88 (성내동),,37.5364837592211,127.125824680269,kfc,,,,,천호역,서울,강동구,
37,37.0,서울 노원구 한글비석로 227 (중계동),,37.6479118263804,127.076251603698,kfc,,,,,중계은행사거리,서울,노원구,
38,38.0,서울 송파구 백제고분로 159 (잠실동),,37.505536411259,127.084650996722,kfc,,,,,잠실,서울,송파구,
39,39.0,서울 강남구 일원로 28 (일원동),,37.4911916235976,127.08033451349,kfc,,,,,일원동,서울,강남구,
40,40.0,서울 노원구 마들로3길 15 (월계동),,37.6265093604229,127.061979778612,kfc,,,,,월계이마트,서울,노원구,
41,41.0,"서울 강서구 강서로 242 (화곡동, 강서힐스테이트)",,37.5473848364492,126.83676337443,kfc,,,,,우장산역,서울,강서구,
42,42.0,서울 도봉구 삼양로 544 (쌍문동),,37.6517878183629,127.012979944324,kfc,,,,,우이동,서울,도봉구,
43,43.0,서울 용산구 한강대로23길 55 (한강로3가),,37.5297718014452,126.964741503485,kfc,,,,,용산아이파크몰,서울,영등포구,
44,44.0,서울 성동구 왕십리광장로 17 (행당동),,37.5614417528647,127.038394194396,kfc,,,,,왕십리역사,서울,성동구,
45,45.0,서울 영등포구 경인로 846 (영등포동),,37.5156680341198,126.907665995469,kfc,,,,,영등포역,서울,영등포구,
46,46.0,서울 강서구 양천로 583 (염창동),,37.5571161918617,126.864347419732,kfc,,,,,염창동,서울,강서구,
47,47.0,서울 강남구 논현로 509 (역삼동),,37.501931889086,127.036089184436,kfc,,,,,역삼역,서울,강남구,
48,48.0,서울 영등포구 국회대로70길 15-1 (여의도동),,37.5296625694125,126.920396387403,kfc,,,,,여의도,서울,영등포구,
49,49.0,서울 서초구 남부순환로350길 4 (양재동),,37.484338107457,127.035178453308,kfc,,,,,양재동,서울,서초구,
50,50.0,서울 광진구 광나루로 396 (화양동),,37.5472181340881,127.073584917584,kfc,,,,,세종대,서울,광진구,
51,51.0,서울 송파구 백제고분로 364 (석촌동),,37.5045912862017,127.106846702056,kfc,,,,,석촌역,서울,송파구,
52,52.0,서울 서초구 사임당로 171 (서초동),,37.49272886702,127.028349723754,kfc,,,,,서초우성,서울,서초구,
53,53.0,서울 서초구 효령로 283 (서초동),,37.485018595965,127.015025591396,kfc,,,,,서초동,서울,서초구,
54,54.0,서울 관악구 남부순환로 1810 (봉천동),,37.4810685270606,126.951140541282,kfc,,,,,서울대입구역,서울,관악구,
55,55.0,서울 강남구 학동로 402 (삼성동),,37.5169930955233,127.04178907453,kfc,,,,,강남구청역 (구: 삼성동),서울,강남구,
56,56.0,서울 중랑구 사가정로 389 (면목동),,37.5809425247312,127.088039708675,kfc,,,,,사가정,서울,중랑구,
57,57.0,서울 관악구 남부순환로 1735 (봉천동),,37.4825393126509,126.943044704477,kfc,,,,,봉천역,서울,관악구,
58,58.0,서울 강북구 도봉로 184 (미아동),,37.6251564791183,127.026973872931,kfc,,,,,미아역,서울,강북구,
59,59.0,서울 강서구 등촌로 19 (화곡동),,37.5317376638256,126.863480151296,kfc,,,,,목동사거리,서울,강서구,
60,60.0,서울 중랑구 망우로 410 (망우동),,37.5989760103786,127.097613134309,kfc,,,,,망우동,서울,중랑구,
61,61.0,서울 강동구 양재대로 1390 (둔촌동),,37.5299402743035,127.137592257707,kfc,,,,,둔촌동,서울,강동구,
62,62.0,서울 영등포구 의사당대로1길 25 (여의도동),,37.5200631564146,126.929844969015,kfc,,,,,동여의도,서울,영등포구,
63,63.0,서울 종로구 종로 294 (창신동),,37.5712625089941,127.010715368227,kfc,,,,,동대문,서울,종로구,
64,64.0,서울 성북구 동소문로20나길 18 (동선동1가),,37.5921211201845,127.017647172383,kfc,,,,,돈암동1,서울,성북구,
65,65.0,서울 종로구 대학로 120 (동숭동),,37.5818758763205,127.002292683609,kfc,,,,,대학로,서울,종로구,
66,66.0,서울 구로구 디지털로 300 (구로동),,37.4849270383011,126.896538036905,kfc,,,,,구로디지털2,서울,구로구,
67,67.0,서울 서초구 서초중앙로 138 (서초동),,37.4942438734072,127.013967192463,kfc,,,,,교대역,서울,서초구,
68,68.0,서울 종로구 세종대로23길 7 (세종로),,37.5715397635526,126.975947864994,kfc,,,,,광화문,서울,종로구,
69,69.0,서울 광진구 광나루로 604 (구의동),,37.5415780693025,127.094914025322,kfc,,,,,광장동,서울,광진구,
70,70.0,서울 송파구 오금로 404 (가락동),,37.4975927810188,127.135121781578,kfc,,,,,개롱역,서울,송파구,
71,71.0,서울 서초구 신반포로 189 (잠원동),,37.50654540385,127.004868141536,kfc,,,,,강남고속터미널,서울,서초구,
72,72.0,서울 금천구 가산디지털1로 186 (가산동),,37.4819130872905,126.881581110867,kfc,,,,,가산디지털,서울,금천구,
0,0.0,,롯데리아 서울역사점,37.5542331,126.9705947,롯데리아,,,,,,서울특별시,용산구,동자동
1,1.0,,롯데리아 소공2호점,37.5656888,126.9821532,롯데리아,,,,,,서울특별시,중구,을지로1가
2,2.0,,롯데리아 역삼점,37.4985791,127.0306164,롯데리아,,,,,,서울특별시,강남구,역삼동
3,3.0,,롯데리아 서울대입구역점,37.4800778,126.9521225,롯데리아,,,,,,서울특별시,관악구,봉천동
4,4.0,,롯데리아 송파점,37.503428,127.113548,롯데리아,,,,,,서울특별시,송파구,송파동
5,5.0,,롯데리아 잠실롯데월드몰B1점,37.5137597,127.1042602,롯데리아,,,,,,서울특별시,송파구,신천동
6,6.0,,롯데리아 신촌로터리점,37.5546429,126.935708,롯데리아,,,,,,서울특별시,마포구,노고산동
7,7.0,,롯데리아 노량진점,37.5130946,126.9399911,롯데리아,,,,,,서울특별시,동작구,노량진동
8,8.0,,롯데리아 동대문광장점,37.570825,127.0103125,롯데리아,,,,,,서울특별시,종로구,창신동
9,9.0,,롯데리아 월드점,37.5108281,127.0961472,롯데리아,,,,,,서울특별시,송파구,잠실동
10,10.0,,롯데리아 용산역사점,37.5297718,126.9647415,롯데리아,,,,,,서울특별시,용산구,한강로3가
11,11.0,,롯데리아 신림역점,37.4838843,126.9293262,롯데리아,,,,,,서울특별시,관악구,서원동
12,12.0,,롯데리아 노원역점,37.6558663,127.0622508,롯데리아,,,,,,서울특별시,노원구,상계동
13,13.0,,롯데리아 학동역점,37.5149945,127.0332576,롯데리아,,,,,,서울특별시,강남구,논현동
14,14.0,,롯데리아 홍대점,37.5558222,126.921898,롯데리아,,,,,,서울특별시,마포구,동교동
15,15.0,,롯데리아 김포국제공항국내선청사4F점,37.558787,126.8030067,롯데리아,,,,,,서울특별시,강서구,공항동
16,16.0,,롯데리아 길음뉴타운점,37.6045379,127.0223973,롯데리아,,,,,,서울특별시,성북구,길음동
17,17.0,,롯데리아 영등포역사점,37.5155481,126.9073006,롯데리아,,,,,,서울특별시,영등포구,영등포동
18,18.0,,롯데리아 천호역점,37.5398563,127.12411,롯데리아,,,,,,서울특별시,강동구,천호동
19,19.0,,롯데리아 청량리역사점,37.5804911,127.0485841,롯데리아,,,,,,서울특별시,동대문구,전농동
20,20.0,,롯데리아 성신여대점,37.5936737,127.0177874,롯데리아,,,,,,서울특별시,성북구,동선동4가
21,21.0,,롯데리아 구로디지털역점,37.4842923,126.9030636,롯데리아,,,,,,서울특별시,관악구,조원동
22,22.0,,롯데리아 건대역점,37.5404589,127.071212,롯데리아,,,,,,서울특별시,광진구,화양동
23,23.0,,롯데리아 신당역점,37.5655002,127.0193274,롯데리아,,,,,,서울특별시,중구,신당동
24,24.0,,롯데리아 신도림역점,37.5091587,126.88771,롯데리아,,,,,,서울특별시,구로구,신도림동
25,25.0,,롯데리아 오류동역점,37.4952476,126.8435879,롯데리아,,,,,,서울특별시,구로구,오류동
26,26.0,,롯데리아 왕십리역사점,37.5609929,127.0382839,롯데리아,,,,,,서울특별시,성동구,행당동
27,27.0,,롯데리아 선릉점,37.503187,127.045616,롯데리아,,,,,,서울특별시,강남구,역삼동
28,28.0,,롯데리아 서대문역점,37.5658034,126.9660669,롯데리아,,,,,,서울특별시,서대문구,충정로2가
29,29.0,,롯데리아 성대시장점,37.5001099,126.9315509,롯데리아,,,,,,서울특별시,동작구,상도동
30,30.0,,롯데리아 숙대입구역점,37.5435209,126.972099,롯데리아,,,,,,서울특별시,용산구,갈월동
31,31.0,,코레일 롯데리아 용산역사ST,37.5297718,126.9647415,롯데리아,,,,,,서울특별시,용산구,한강로3가
32,32.0,,롯데리아 명지대학점,37.579624,126.924296,롯데리아,,,,,,서울특별시,서대문구,남가좌동
33,33.0,,롯데리아 길동점,37.5343607,127.1363077,롯데리아,,,,,,서울특별시,강동구,성내2동
34,34.0,,롯데리아 문정로데오점,37.491058,127.1258639,롯데리아,,,,,,서울특별시,송파구,문정동
35,35.0,,롯데리아 남부터미널점,37.485119,127.015916,롯데리아,,,,,,서울특별시,서초구,서초동
36,36.0,,롯데리아 장안사거리점,37.5726956,127.0722354,롯데리아,,,,,,서울특별시,동대문구,장안동
37,37.0,,롯데리아 까치산역점,37.5309177,126.8469806,롯데리아,,,,,,서울특별시,강서구,화곡동
38,38.0,,롯데리아 상일동점,37.5501649,127.172761,롯데리아,,,,,,서울특별시,강동구,상일동
39,39.0,,롯데리아 봉천역점,37.4822347,126.9416862,롯데리아,,,,,,서울특별시,관악구,봉천동
40,40.0,,롯데리아 공릉역점,37.6263427,127.0743603,롯데리아,,,,,,서울특별시,노원구,공릉동
41,41.0,,롯데리아 종각역점,37.5699887,126.9849375,롯데리아,,,,,,서울특별시,종로구,종로2가
42,42.0,,롯데리아 동대문역사문화공원역점,37.5664055,127.0066819,롯데리아,,,,,,서울특별시,중구,을지로6가
43,43.0,,롯데리아 대흥역점,37.5474489,126.9412818,롯데리아,,,,,,서울특별시,마포구,대흥동
44,44.0,,롯데리아 사가정역점,37.5817917,127.088475,롯데리아,,,,,,서울특별시,중랑구,면목동
45,45.0,,롯데리아 아차산역점,37.5516873,127.0901744,롯데리아,,,,,,서울특별시,광진구,구의동
46,46.0,,롯데리아 송파하비오,37.4815765,127.1225783,롯데리아,,,,,,서울특별시,송파구,문정동
47,47.0,,롯데리아 방학점,37.662135,127.0328228,롯데리아,,,,,,서울특별시,도봉구,방학동
48,48.0,,롯데리아 잠실새내,37.5114753,127.0830445,롯데리아,,,,,,서울특별시,송파구,잠실동
49,49.0,,롯데리아 발산역점,37.5593797,126.8401962,롯데리아,,,,,,서울특별시,강서구,등촌동
50,50.0,,롯데리아 마들역점,37.6652764,127.0579234,롯데리아,,,,,,서울특별시,노원구,상계9동
51,51.0,,롯데리아 불광점,37.6114515,126.9287649,롯데리아,,,,,,서울특별시,은평구,대조동
52,52.0,,롯데리아 암사역점,37.5517253,127.1284636,롯데리아,,,,,,서울특별시,강동구,암사동
53,53.0,,롯데리아 미아삼거리점,37.6118765,127.0300315,롯데리아,,,,,,서울특별시,성북구,길음동
54,54.0,,롯데리아 석계점,37.614879,127.064183,롯데리아,,,,,,서울특별시,노원구,월계동
55,55.0,,롯데리아 정릉점,37.6070904,127.0107602,롯데리아,,,,,,서울특별시,성북구,정릉동
56,56.0,,롯데리아 이수역점,37.488411,126.98199,롯데리아,,,,,,서울특별시,동작구,사당동
57,57.0,,롯데리아 쌍문역점,37.648606,127.035039,롯데리아,,,,,,서울특별시,도봉구,창동
58,58.0,,롯데김포공항점리아 롯데백화점,37.5632077,126.8037135,롯데리아,,,,,,서울특별시,강서구,방화동
59,59.0,,롯데리아 면목중앙점,37.5890448,127.0872366,롯데리아,,,,,,서울특별시,중랑구,면목동
60,60.0,,롯데리아 상암점,37.580181,126.888673,롯데리아,,,,,,서울특별시,마포구,상암동
61,61.0,,롯데리아 개봉역점,37.4948895,126.8585447,롯데리아,,,,,,서울특별시,구로구,개봉동
62,62.0,,롯데리아 방화점,37.5737978,126.8116661,롯데리아,,,,,,서울특별시,강서구,방화동
63,63.0,,롯데리아 신림녹두점,37.4705793,126.9344187,롯데리아,,,,,,서울특별시,관악구,신림동
64,64.0,,롯데리아혜화점,37.5858061,127.0006805,롯데리아,,,,,,서울특별시,종로구,혜화동
65,65.0,,롯데리아 청구역점,37.5585176,127.0130352,롯데리아,,,,,,서울특별시,중구,신당동
66,66.0,,롯데리아 마천점,37.495198,127.1507817,롯데리아,,,,,,서울특별시,송파구,마천동
67,67.0,,롯데리아 방이역점,37.5097542,127.1237282,롯데리아,,,,,,서울특별시,송파구,방이동
68,68.0,,롯데리아 GS마트상계점,37.6642247,127.0656263,롯데리아,,,,,,서울특별시,노원구,상계동
69,69.0,,롯데리아 목동사거리점,37.53253,126.864117,롯데리아,,,,,,서울특별시,양천구,목동
70,70.0,,롯데리아한성대입구역점,37.5884122,127.0067704,롯데리아,,,,,,서울특별시,성북구,동소문동2가
71,71.0,,롯데리아 응암오거리점,37.5878978,126.9164142,롯데리아,,,,,,서울특별시,은평구,응암동
72,72.0,,롯데리아 성수역점,37.5474009,127.0552245,롯데리아,,,,,,서울특별시,성동구,성수동2가
73,73.0,,롯데리아 상계점,37.65841,127.0740357,롯데리아,,,,,,서울특별시,노원구,중계동
74,74.0,,롯데리아 중곡점,37.5654721,127.0811613,롯데리아,,,,,,서울특별시,광진구,중곡동
75,75.0,,롯데리아 강동구청DT점,37.531316,127.1211915,롯데리아,,,,,,서울특별시,강동구,성내동
76,76.0,,롯데리아 뚝섬유원지점,37.5323431,127.0668606,롯데리아,,,,,,서울특별시,광진구,자양동
77,77.0,,롯데리아 신방화역점,37.5670047,126.8189225,롯데리아,,,,,,서울특별시,강서구,마곡동
78,78.0,,롯데리아 망원점,37.5563354,126.9096,롯데리아,,,,,,서울특별시,마포구,망원동
79,79.0,,롯데리아 대방역점,37.5127015,126.9242157,롯데리아,,,,,,서울특별시,영등포구,신길동
80,80.0,,롯데리아 구파발역점,37.6380295,126.9190256,롯데리아,,,,,,서울특별시,은평구,진관동
81,81.0,,롯데리아 화곡역점,37.541536,126.8392579,롯데리아,,,,,,서울특별시,강서구,화곡동
82,82.0,,롯데리아 창동역점,37.652422,127.046368,롯데리아,,,,,,서울특별시,도봉구,창동
83,83.0,,롯데리아 이대점,37.559048,126.9451331,롯데리아,,,,,,서울특별시,서대문구,대현동
84,84.0,,롯데리아 시흥중앙점,37.4508679,126.9088125,롯데리아,,,,,,서울특별시,금천구,시흥5동
85,85.0,,롯데리아 석관점,37.6100929,127.0575831,롯데리아,,,,,,서울특별시,성북구,석관동
86,86.0,,롯데리아 청량리점,37.5809196,127.0458634,롯데리아,,,,,,서울특별시,동대문구,청량리동
87,87.0,,롯데리아 숭실대입구역점,37.4970319,126.9526433,롯데리아,,,,,,서울특별시,동작구,상도동
88,88.0,,롯데리아 번동DT점,37.6355201,127.0328663,롯데리아,,,,,,서울특별시,강북구,번동
89,89.0,,롯데리아 신곡시장점,37.518968,126.8427592,롯데리아,,,,,,서울특별시,양천구,신월동
90,90.0,,롯데리아 강일점,37.5658124,127.1732377,롯데리아,,,,,,서울특별시,강동구,강일동
91,91.0,,롯데리아 중앙대점,37.5083234,126.9614041,롯데리아,,,,,,서울특별시,동작구,흑석동
92,92.0,,롯데리아 가든파이브점,37.477205,127.1251614,롯데리아,,,,,,서울특별시,송파구,문정동
93,93.0,,롯데리아 구의역점,37.5364857,127.0841062,롯데리아,,,,,,서울특별시,광진구,자양동
94,94.0,,롯데리아 고덕역점,37.5532086,127.1547286,롯데리아,,,,,,서울특별시,강동구,명일동
95,95.0,,롯데리아염창점,37.5526267,126.8703448,롯데리아,,,,,,서울특별시,강서구,염창동
96,96.0,,롯데리아 마곡역점,37.5584224,126.8248612,롯데리아,,,,,,서울특별시,강서구,마곡동
97,97.0,,롯데리아 서울대점,37.458826,126.9526676,롯데리아,,,,,,서울특별시,관악구,신림동
98,98.0,,롯데리아 후암점,37.5507243,126.9773454,롯데리아,,,,,,서울특별시,용산구,후암동
99,99.0,,롯데리아 건대스타시티점,37.5388894,127.072682,롯데리아,,,,,,서울특별시,광진구,자양동
100,100.0,,롯데리아 상봉역점,37.5957129,127.0839239,롯데리아,,,,,,서울특별시,중랑구,상봉동
101,101.0,,롯데리아 개봉점,37.5006484,126.8665409,롯데리아,,,,,,서울특별시,구로구,고척동
102,102.0,,롯데리아 삼양사거리점,37.619996,127.0192591,롯데리아,,,,,,서울특별시,강북구,미아동
103,103.0,,롯데리아 수서역사,37.485253,127.1047529,롯데리아,,,,,,서울특별시,강남구,수서동
104,104.0,,롯데리아 송파삼전점,37.5023973,127.0945634,롯데리아,,,,,,서울특별시,송파구,삼전동
105,105.0,,롯데리아 서울역광장점,37.5544326,126.9718369,롯데리아,,,,,,서울특별시,용산구,동자동
106,106.0,,롯데리아 홈플러스강서점,37.5586158,126.8543505,롯데리아,,,,,,서울특별시,강서구,등촌동
107,107.0,,롯데리아 영등포타임스퀘어B2점,37.5173101,126.9028991,롯데리아,,,,,,서울특별시,영등포구,영등포동4가
108,108.0,,롯데리아 금호점,37.5484119,127.0184988,롯데리아,,,,,,서울특별시,성동구,금호동3가
109,109.0,,롯데리아 보라매타운점,37.4919177,126.9235712,롯데리아,,,,,,서울특별시,동작구,신대방동
110,110.0,,롯데리아 천왕역점,37.4868087,126.8383967,롯데리아,,,,,,서울특별시,구로구,오류동
111,111.0,,롯데리아 롯데마트행당역점,37.5566034,127.0288249,롯데리아,,,,,,서울특별시,성동구,행당동
112,112.0,,롯데리아 종암점,37.5984932,127.0344395,롯데리아,,,,,,서울특별시,성북구,종암동
113,113.0,,롯데리아 창천점,37.5582345,126.9288068,롯데리아,,,,,,서울특별시,서대문구,창천동
114,114.0,,롯데리아 캐슬플라자점,37.514388,127.100381,롯데리아,,,,,,서울특별시,송파구,신천동
115,115.0,,롯데리아 홈플러스금천점,37.4688923,126.8971158,롯데리아,,,,,,서울특별시,금천구,독산동
116,116.0,,롯데리아 응암점,37.6003045,126.9229265,롯데리아,,,,,,서울특별시,은평구,응암동
117,117.0,,롯데리아 구산역점,37.6102751,126.9171433,롯데리아,,,,,,서울특별시,은평구,역촌동
118,118.0,,롯데리아 화곡시장점,37.5345574,126.8378703,롯데리아,,,,,,서울특별시,강서구,화곡1동
119,119.0,,롯데리아 개포점,37.4821949,127.061445,롯데리아,,,,,,서울특별시,강남구,개포동
120,120.0,,롯데리아 보광점,37.52665,127.000636,롯데리아,,,,,,서울특별시,용산구,보광동
121,121.0,,롯데리아 봉천점,37.4835117,126.954901,롯데리아,,,,,,서울특별시,관악구,봉천동
122,122.0,,롯데리아 동묘역점,37.572664,127.0150513,롯데리아,,,,,,서울특별시,종로구,창신동
123,123.0,,롯데리아 수서역사점,37.4854187,127.1045603,롯데리아,,,,,,서울특별시,강남구,수서동
124,124.0,,롯데리아 장한평역점,37.5618979,127.0637597,롯데리아,,,,,,서울특별시,동대문구,장안동
125,125.0,,롯데리아 신정네거리역,37.5214549,126.8540106,롯데리아,,,,,,서울특별시,양천구,신정동
126,126.0,,롯데리아 남성역점,37.4847275,126.9704802,롯데리아,,,,,,서울특별시,동작구,사당동
127,127.0,,롯데리아 구로가산점,37.4773945,126.8874365,롯데리아,,,,,,서울특별시,금천구,가산동
128,128.0,,롯데리아 구로시장점,37.4897681,126.8915414,롯데리아,,,,,,서울특별시,구로구,구로4동
129,129.0,,롯데리아 중랑역점,37.5932619,127.0743112,롯데리아,,,,,,서울특별시,중랑구,상봉동
130,130.0,,롯데리아 강남일원점,37.4922716,127.0873485,롯데리아,,,,,,서울특별시,강남구,일원동
131,131.0,,롯데리아 녹번점,37.601126,126.93059,롯데리아,,,,,,서울특별시,은평구,응암동
132,132.0,,롯데리아 외대역점,37.5963162,127.060925,롯데리아,,,,,,서울특별시,동대문구,이문동
133,133.0,,롯데리아 중화역점,37.6019791,127.0796816,롯데리아,,,,,,서울특별시,중랑구,중화동
134,134.0,,롯데리아 양재동점,37.4698817,127.0419294,롯데리아,,,,,,서울특별시,서초구,양재동
135,135.0,,롯데리아 동서울터미널점,37.534538,127.0942004,롯데리아,,,,,,서울특별시,광진구,구의동
136,136.0,,롯데리아 세이브마트점,37.4743321,126.9175559,롯데리아,,,,,,서울특별시,관악구,미성동
137,137.0,,롯데리아 홈플러스영등포점,37.5185794,126.8953664,롯데리아,,,,,,서울특별시,영등포구,문래동3가
138,138.0,,롯데리아 제기역점,37.5779271,127.0329508,롯데리아,,,,,,서울특별시,동대문구,용두동
139,139.0,,롯데리아 답십리점,37.5653122,127.054239,롯데리아,,,,,,서울특별시,성동구,용답동
140,140.0,,롯데리아 세곡점,37.465643,127.1011212,롯데리아,,,,,,서울특별시,강남구,세곡동
141,141.0,,롯데리아 언더랜드점,37.511266,127.0980171,롯데리아,,,,,,서울특별시,송파구,잠실동
142,142.0,,롯데리아 수락산역점,37.6771907,127.0555731,롯데리아,,,,,,서울특별시,노원구,상계동
143,143.0,,롯데리아 홈플러스방학점,37.6647264,127.0431537,롯데리아,,,,,,서울특별시,도봉구,방학동
144,144.0,,롯데리아 덕성여대점,37.6485076,127.0139821,롯데리아,,,,,,서울특별시,강북구,수유동
145,145.0,,롯데리아 홈플러스월곡점,37.6018849,127.0409333,롯데리아,,,,,,서울특별시,성북구,하월곡동
146,146.0,,롯데리아 목동점,37.5213048,126.8738448,롯데리아,,,,,,서울특별시,양천구,신정동
147,147.0,,롯데리아 방배역점,37.4830257,126.9969162,롯데리아,,,,,,서울특별시,서초구,방배동
148,148.0,,롯데리아 오금점,37.5034228,127.1380156,롯데리아,,,,,,서울특별시,송파구,오금동
149,149.0,,롯데리아 망우점,37.5956757,127.0994784,롯데리아,,,,,,서울특별시,중랑구,망우동
150,150.0,,롯데리아 홈플러스강동점,37.5457486,127.1423411,롯데리아,,,,,,서울특별시,강동구,천호동
151,151.0,,롯데리아 보문역점,37.5839546,127.0199195,롯데리아,,,,,,서울특별시,성북구,보문동5가
152,152.0,,롯데리아 구로IT점,37.4852811,126.8944186,롯데리아,,,,,,서울특별시,구로구,구로동
153,153.0,,롯데리아 홈플러스상봉점,37.5978979,127.090042,롯데리아,,,,,,서울특별시,중랑구,상봉동
154,154.0,,롯데리아 롯데마트송파점,37.4918537,127.117181,롯데리아,,,,,,서울특별시,송파구,문정동
155,155.0,,롯데리아 강변테크노점,37.535845,127.095911,롯데리아,,,,,,서울특별시,광진구,구의동
156,156.0,,롯데리아 홈플러스신내점,37.61577,127.093738,롯데리아,,,,,,서울특별시,중랑구,신내동
157,157.0,,롯데리아 롯데백화점잠실점,37.510788,127.0975021,롯데리아,,,,,,서울특별시,송파구,잠실동
158,158.0,,롯데리아 청계산입구역점,37.4474304,127.0559721,롯데리아,,,,,,서울특별시,서초구,신원동
159,159.0,,롯데리아 목동행복한백화점,37.5294076,126.8758066,롯데리아,,,,,,서울특별시,양천구,목동
160,160.0,,롯데리아 시흥현대시장점,37.4587704,126.9053446,롯데리아,,,,,,서울특별시,금천구,시흥동
161,161.0,,롯데리아 신김포공항점,37.5608124,126.8074296,롯데리아,,,,,,서울특별시,강서구,공항동
162,162.0,,롯데리아 홈플러스중계점,37.6398653,127.0684023,롯데리아,,,,,,서울특별시,노원구,중계동
163,163.0,,롯데리아 롯데마트서울양평점,37.5261221,126.8913797,롯데리아,,,,,,서울특별시,영등포구,양평동3가
164,164.0,,롯데리아 홈플러스남현점,37.4713674,126.9828151,롯데리아,,,,,,서울특별시,관악구,남현동
165,165.0,,롯데리아 대림역점,37.4936438,126.8983979,롯데리아,,,,,,서울특별시,영등포구,대림동
166,166.0,,롯데리아월드컵점,37.5682553,126.8972733,롯데리아,,,,,,서울특별시,마포구,성산동
167,167.0,,롯데리아 홍은포방점,37.5992522,126.9483615,롯데리아,,,,,,서울특별시,서대문구,홍은동
168,168.0,,롯데리아 강변씨네마점,37.535882,127.095902,롯데리아,,,,,,서울특별시,광진구,구의동
169,169.0,,롯데리아 키자니아점,37.5112959,127.0979455,롯데리아,,,,,,서울특별시,송파구,잠실동
170,170.0,,롯데리아 용산서계점,37.5523987,126.9639314,롯데리아,,,,,,서울특별시,용산구,서계동
171,171.0,,롯데리아 NC백화점강서점,37.5596666,126.8402242,롯데리아,,,,,,서울특별시,강서구,등촌동
172,172.0,,롯데리아 목동킴스클럽점,37.5294501,126.8758129,롯데리아,,,,,,서울특별시,양천구,목동
173,173.0,,롯데리아스카이시티점,37.566453,126.801428,롯데리아,,,,,,서울특별시,강서구,방화동
174,174.0,,롯데리아 군자점,37.5568932,127.0788541,롯데리아,,,,,,서울특별시,광진구,군자동
175,175.0,,명동피자가든파이브라이프영관,37.4773156,127.1251033,롯데리아,,,,,,서울특별시,송파구,문정동
176,176.0,,에그설런트NC백화점강서점,37.5598492,126.8398904,롯데리아,,,,,,서울특별시,강서구,등촌동
177,177.0,,마루스시누들NC백화점강서점,37.5596452,126.8400121,롯데리아,,,,,,서울특별시,강서구,등촌동
178,178.0,,마우NC백화점강서점,37.5596834,126.8401048,롯데리아,,,,,,서울특별시,강서구,등촌동
179,179.0,,반칙왕식탁NC백화점강서점,37.5596384,126.8401851,롯데리아,,,,,,서울특별시,강서구,등촌동
180,180.0,,행복밥상NC백화점강서점,37.5597008,126.8400362,롯데리아,,,,,,서울특별시,강서구,등촌동
181,181.0,,수장NC백화점강서점,37.559654,126.8400946,롯데리아,,,,,,서울특별시,강서구,등촌동
